{
    "license:14d1028fc9b35a6c8cf4edf92749fcfaf5d975f6": {
        "weapon_pistol50": {
            "coords": {
                "x": 0.06700000166893,
                "y": -0.20000000298023,
                "z": -0.15000000596046
            },
            "rot": {
                "x": -0.81199999999998,
                "y": 0.0,
                "z": -3.165
            },
            "boneId": 24816
        }
    }
}