{
    "license:14d1028fc9b35a6c8cf4edf92749fcfaf5d975f6": {
        "weapon_pistol50": {
            "rot": {
                "x": 0.0,
                "y": 0.0,
                "z": 0.0
            },
            "coords": {
                "x": 0.0,
                "y": -0.14699998497962,
                "z": 0.0
            }
        },
        "weapon_pistol": {
            "coords": {
                "y": -0.18300001323223,
                "z": 0.0,
                "x": 0.20000001788139
            },
            "rot": {
                "y": 92.92001342773438,
                "z": 0.0,
                "x": 0.0
            }
        }
    }
}