{
    "license:14d1028fc9b35a6c8cf4edf92749fcfaf5d975f6": {
        "weapon_pistol": {
            "rot": {
                "x": 11.01100158691406,
                "y": 0.0,
                "z": -14.01400279998779
            },
            "coords": {
                "x": 0.30000001192092,
                "y": 0.14499995112419,
                "z": 0.05600000545382
            }
        }
    }
}