{
    "license:14d1028fc9b35a6c8cf4edf92749fcfaf5d975f6": {
        "weapon_pistol": {
            "rot": {
                "x": 0.0,
                "y": 92.92001342773438,
                "z": 0.0
            },
            "coords": {
                "x": 0.20000001788139,
                "y": -0.18300001323223,
                "z": 0.0
            }
        },
        "weapon_pistol50": {
            "coords": {
                "x": 0.0,
                "y": -0.14699998497962,
                "z": 0.0
            },
            "rot": {
                "x": 0.0,
                "y": 0.0,
                "z": 0.0
            }
        },
        "weapon_militaryrifle": {
            "rot": {
                "x": 0.0,
                "y": 171.17124938964845,
                "z": 0.0
            },
            "coords": {
                "x": 0.14000000059604,
                "y": 0.18499998748302,
                "z": 0.00999998115003
            }
        }
    }
}